"Country";"Alpha-2 code";"Alpha-3 code";"Numeric code";"Latitude (average)";"Longitude (average)";"RELEASE_ID"
"Afghanistan";"AF";"AFG";"4";"33.00000000";"65.00000000";"1"
"Albania";"AL";"ALB";"8";"41.00000000";"20.00000000";"1"
"Algeria";"DZ";"DZA";"12";"28.00000000";"3.00000000";"1"
"American Samoa";"AS";"ASM";"16";"-14.33330000";"-170.00000000";"1"
"Andorra";"AD";"AND";"20";"42.50000000";"1.60000000";"1"
"Angola";"AO";"AGO";"24";"-12.50000000";"18.50000000";"1"
"Anguilla";"AI";"AIA";"660";"18.25000000";"-63.16670000";"1"
"Antarctica";"AQ";"ATA";"10";"-90.00000000";"0.00000000";"1"
"Antigua and Barbuda";"AG";"ATG";"28";"17.05000000";"-61.80000000";"1"
"Argentina";"AR";"ARG";"32";"-34.00000000";"-64.00000000";"1"
"Armenia";"AM";"ARM";"51";"40.00000000";"45.00000000";"1"
"Aruba";"AW";"ABW";"533";"12.50000000";"-69.96670000";"1"
"Australia";"AU";"AUS";"36";"-27.00000000";"133.00000000";"1"
"Austria";"AT";"AUT";"40";"47.33330000";"13.33330000";"1"
"Azerbaijan";"AZ";"AZE";"31";"40.50000000";"47.50000000";"1"
"Bahamas";"BS";"BHS";"44";"24.25000000";"-76.00000000";"1"
"Bahrain";"BH";"BHR";"48";"26.00000000";"50.55000000";"1"
"Bangladesh";"BD";"BGD";"50";"24.00000000";"90.00000000";"1"
"Barbados";"BB";"BRB";"52";"13.16670000";"-59.53330000";"1"
"Belarus";"BY";"BLR";"112";"53.00000000";"28.00000000";"1"
"Belgium";"BE";"BEL";"56";"50.83330000";"4.00000000";"1"
"Belize";"BZ";"BLZ";"84";"17.25000000";"-88.75000000";"1"
"Benin";"BJ";"BEN";"204";"9.50000000";"2.25000000";"1"
"Bermuda";"BM";"BMU";"60";"32.33330000";"-64.75000000";"1"
"Bhutan";"BT";"BTN";"64";"27.50000000";"90.50000000";"1"
"Bolivia, Plurinational State of";"BO";"BOL";"68";"-17.00000000";"-65.00000000";"1"
"Bosnia and Herzegovina";"BA";"BIH";"70";"44.00000000";"18.00000000";"1"
"Botswana";"BW";"BWA";"72";"-22.00000000";"24.00000000";"1"
"Bouvet Island";"BV";"BVT";"74";"-54.43330000";"3.40000000";"1"
"Brazil";"BR";"BRA";"76";"-10.00000000";"-55.00000000";"1"
"British Indian Ocean Territory";"IO";"IOT";"86";"-6.00000000";"71.50000000";"1"
"Brunei Darussalam";"BN";"BRN";"96";"4.50000000";"114.66670000";"1"
"Bulgaria";"BG";"BGR";"100";"43.00000000";"25.00000000";"1"
"Burkina Faso";"BF";"BFA";"854";"13.00000000";"-2.00000000";"1"
"Burundi";"BI";"BDI";"108";"-3.50000000";"30.00000000";"1"
"Cambodia";"KH";"KHM";"116";"13.00000000";"105.00000000";"1"
"Cameroon";"CM";"CMR";"120";"6.00000000";"12.00000000";"1"
"Canada";"CA";"CAN";"124";"60.00000000";"-95.00000000";"1"
"Cape Verde";"CV";"CPV";"132";"16.00000000";"-24.00000000";"1"
"Cayman Islands";"KY";"CYM";"136";"19.50000000";"-80.50000000";"1"
"Central African Republic";"CF";"CAF";"140";"7.00000000";"21.00000000";"1"
"Chad";"TD";"TCD";"148";"15.00000000";"19.00000000";"1"
"Chile";"CL";"CHL";"152";"-30.00000000";"-71.00000000";"1"
"China";"CN";"CHN";"156";"35.00000000";"105.00000000";"1"
"Christmas Island";"CX";"CXR";"162";"-10.50000000";"105.66670000";"1"
"Cocos (Keeling) Islands";"CC";"CCK";"166";"-12.50000000";"96.83330000";"1"
"Colombia";"CO";"COL";"170";"4.00000000";"-72.00000000";"1"
"Comoros";"KM";"COM";"174";"-12.16670000";"44.25000000";"1"
"Congo";"CG";"COG";"178";"-1.00000000";"15.00000000";"1"
"Congo, the Democratic Republic of the";"CD";"COD";"180";"0.00000000";"25.00000000";"1"
"Cook Islands";"CK";"COK";"184";"-21.23330000";"-159.76670000";"1"
"Costa Rica";"CR";"CRI";"188";"10.00000000";"-84.00000000";"1"
"Côte d'Ivoire";"CI";"CIV";"384";"8.00000000";"-5.00000000";"1"
"Croatia";"HR";"HRV";"191";"45.16670000";"15.50000000";"1"
"Cuba";"CU";"CUB";"192";"21.50000000";"-80.00000000";"1"
"Cyprus";"CY";"CYP";"196";"35.00000000";"33.00000000";"1"
"Czech Republic";"CZ";"CZE";"203";"49.75000000";"15.50000000";"1"
"Denmark";"DK";"DNK";"208";"56.00000000";"10.00000000";"1"
"Djibouti";"DJ";"DJI";"262";"11.50000000";"43.00000000";"1"
"Dominica";"DM";"DMA";"212";"15.41670000";"-61.33330000";"1"
"Dominican Republic";"DO";"DOM";"214";"19.00000000";"-70.66670000";"1"
"Ecuador";"EC";"ECU";"218";"-2.00000000";"-77.50000000";"1"
"Egypt";"EG";"EGY";"818";"27.00000000";"30.00000000";"1"
"El Salvador";"SV";"SLV";"222";"13.83330000";"-88.91670000";"1"
"Equatorial Guinea";"GQ";"GNQ";"226";"2.00000000";"10.00000000";"1"
"Eritrea";"ER";"ERI";"232";"15.00000000";"39.00000000";"1"
"Estonia";"EE";"EST";"233";"59.00000000";"26.00000000";"1"
"Ethiopia";"ET";"ETH";"231";"8.00000000";"38.00000000";"1"
"Falkland Islands (Malvinas)";"FK";"FLK";"238";"-51.75000000";"-59.00000000";"1"
"Faroe Islands";"FO";"FRO";"234";"62.00000000";"-7.00000000";"1"
"Fiji";"FJ";"FJI";"242";"-18.00000000";"175.00000000";"1"
"Finland";"FI";"FIN";"246";"64.00000000";"26.00000000";"1"
"France";"FR";"FRA";"250";"46.00000000";"2.00000000";"1"
"French Guiana";"GF";"GUF";"254";"4.00000000";"-53.00000000";"1"
"French Polynesia";"PF";"PYF";"258";"-15.00000000";"-140.00000000";"1"
"French Southern Territories";"TF";"ATF";"260";"-43.00000000";"67.00000000";"1"
"Gabon";"GA";"GAB";"266";"-1.00000000";"11.75000000";"1"
"Gambia";"GM";"GMB";"270";"13.46670000";"-16.56670000";"1"
"Georgia";"GE";"GEO";"268";"42.00000000";"43.50000000";"1"
"Germany";"DE";"DEU";"276";"51.00000000";"9.00000000";"1"
"Ghana";"GH";"GHA";"288";"8.00000000";"-2.00000000";"1"
"Gibraltar";"GI";"GIB";"292";"36.18330000";"-5.36670000";"1"
"Greece";"GR";"GRC";"300";"39.00000000";"22.00000000";"1"
"Greenland";"GL";"GRL";"304";"72.00000000";"-40.00000000";"1"
"Grenada";"GD";"GRD";"308";"12.11670000";"-61.66670000";"1"
"Guadeloupe";"GP";"GLP";"312";"16.25000000";"-61.58330000";"1"
"Guam";"GU";"GUM";"316";"13.46670000";"144.78330000";"1"
"Guatemala";"GT";"GTM";"320";"15.50000000";"-90.25000000";"1"
"Guernsey";"GG";"GGY";"831";"49.50000000";"-2.56000000";"1"
"Guinea";"GN";"GIN";"324";"11.00000000";"-10.00000000";"1"
"Guinea-Bissau";"GW";"GNB";"624";"12.00000000";"-15.00000000";"1"
"Guyana";"GY";"GUY";"328";"5.00000000";"-59.00000000";"1"
"Haiti";"HT";"HTI";"332";"19.00000000";"-72.41670000";"1"
"Heard Island and McDonald Islands";"HM";"HMD";"334";"-53.10000000";"72.51670000";"1"
"Holy See (Vatican City State)";"VA";"VAT";"336";"41.90000000";"12.45000000";"1"
"Honduras";"HN";"HND";"340";"15.00000000";"-86.50000000";"1"
"Hong Kong";"HK";"HKG";"344";"22.25000000";"114.16670000";"1"
"Hungary";"HU";"HUN";"348";"47.00000000";"20.00000000";"1"
"Iceland";"IS";"ISL";"352";"65.00000000";"-18.00000000";"1"
"India";"IN";"IND";"356";"20.00000000";"77.00000000";"1"
"Indonesia";"ID";"IDN";"360";"-5.00000000";"120.00000000";"1"
"Iran, Islamic Republic of";"IR";"IRN";"364";"32.00000000";"53.00000000";"1"
"Iraq";"IQ";"IRQ";"368";"33.00000000";"44.00000000";"1"
"Ireland";"IE";"IRL";"372";"53.00000000";"-8.00000000";"1"
"Isle of Man";"IM";"IMN";"833";"54.23000000";"-4.55000000";"1"
"Israel";"IL";"ISR";"376";"31.50000000";"34.75000000";"1"
"Italy";"IT";"ITA";"380";"42.83330000";"12.83330000";"1"
"Jamaica";"JM";"JAM";"388";"18.25000000";"-77.50000000";"1"
"Japan";"JP";"JPN";"392";"36.00000000";"138.00000000";"1"
"Jersey";"JE";"JEY";"832";"49.21000000";"-2.13000000";"1"
"Jordan";"JO";"JOR";"400";"31.00000000";"36.00000000";"1"
"Kazakhstan";"KZ";"KAZ";"398";"48.00000000";"68.00000000";"1"
"Kenya";"KE";"KEN";"404";"1.00000000";"38.00000000";"1"
"Kiribati";"KI";"KIR";"296";"1.41670000";"173.00000000";"1"
"Korea, Democratic People's Republic of";"KP";"PRK";"408";"40.00000000";"127.00000000";"1"
"Korea, Republic of";"KR";"KOR";"410";"37.00000000";"127.50000000";"1"
"Kuwait";"KW";"KWT";"414";"29.33750000";"47.65810000";"1"
"Kyrgyzstan";"KG";"KGZ";"417";"41.00000000";"75.00000000";"1"
"Lao People's Democratic Republic";"LA";"LAO";"418";"18.00000000";"105.00000000";"1"
"Latvia";"LV";"LVA";"428";"57.00000000";"25.00000000";"1"
"Lebanon";"LB";"LBN";"422";"33.83330000";"35.83330000";"1"
"Lesotho";"LS";"LSO";"426";"-29.50000000";"28.50000000";"1"
"Liberia";"LR";"LBR";"430";"6.50000000";"-9.50000000";"1"
"Libyan Arab Jamahiriya";"LY";"LBY";"434";"25.00000000";"17.00000000";"1"
"Liechtenstein";"LI";"LIE";"438";"47.16670000";"9.53330000";"1"
"Lithuania";"LT";"LTU";"440";"56.00000000";"24.00000000";"1"
"Luxembourg";"LU";"LUX";"442";"49.75000000";"6.16670000";"1"
"Macao";"MO";"MAC";"446";"22.16670000";"113.55000000";"1"
"Macedonia, the former Yugoslav Republic of";"MK";"MKD";"807";"41.83330000";"22.00000000";"1"
"Madagascar";"MG";"MDG";"450";"-20.00000000";"47.00000000";"1"
"Malawi";"MW";"MWI";"454";"-13.50000000";"34.00000000";"1"
"Malaysia";"MY";"MYS";"458";"2.50000000";"112.50000000";"1"
"Maldives";"MV";"MDV";"462";"3.25000000";"73.00000000";"1"
"Mali";"ML";"MLI";"466";"17.00000000";"-4.00000000";"1"
"Malta";"MT";"MLT";"470";"35.83330000";"14.58330000";"1"
"Marshall Islands";"MH";"MHL";"584";"9.00000000";"168.00000000";"1"
"Martinique";"MQ";"MTQ";"474";"14.66670000";"-61.00000000";"1"
"Mauritania";"MR";"MRT";"478";"20.00000000";"-12.00000000";"1"
"Mauritius";"MU";"MUS";"480";"-20.28330000";"57.55000000";"1"
"Mayotte";"YT";"MYT";"175";"-12.83330000";"45.16670000";"1"
"Mexico";"MX";"MEX";"484";"23.00000000";"-102.00000000";"1"
"Micronesia, Federated States of";"FM";"FSM";"583";"6.91670000";"158.25000000";"1"
"Moldova, Republic of";"MD";"MDA";"498";"47.00000000";"29.00000000";"1"
"Monaco";"MC";"MCO";"492";"43.73330000";"7.40000000";"1"
"Mongolia";"MN";"MNG";"496";"46.00000000";"105.00000000";"1"
"Montenegro";"ME";"MNE";"499";"42.00000000";"19.00000000";"1"
"Montserrat";"MS";"MSR";"500";"16.75000000";"-62.20000000";"1"
"Morocco";"MA";"MAR";"504";"32.00000000";"-5.00000000";"1"
"Mozambique";"MZ";"MOZ";"508";"-18.25000000";"35.00000000";"1"
"Myanmar";"MM";"MMR";"104";"22.00000000";"98.00000000";"1"
"Namibia";"NA";"NAM";"516";"-22.00000000";"17.00000000";"1"
"Nauru";"NR";"NRU";"520";"-0.53330000";"166.91670000";"1"
"Nepal";"NP";"NPL";"524";"28.00000000";"84.00000000";"1"
"Netherlands";"NL";"NLD";"528";"52.50000000";"5.75000000";"1"
"Netherlands Antilles";"AN";"ANT";"530";"12.25000000";"-68.75000000";"1"
"New Caledonia";"NC";"NCL";"540";"-21.50000000";"165.50000000";"1"
"New Zealand";"NZ";"NZL";"554";"-41.00000000";"174.00000000";"1"
"Nicaragua";"NI";"NIC";"558";"13.00000000";"-85.00000000";"1"
"Niger";"NE";"NER";"562";"16.00000000";"8.00000000";"1"
"Nigeria";"NG";"NGA";"566";"10.00000000";"8.00000000";"1"
"Niue";"NU";"NIU";"570";"-19.03330000";"-169.86670000";"1"
"Norfolk Island";"NF";"NFK";"574";"-29.03330000";"167.95000000";"1"
"Northern Mariana Islands";"MP";"MNP";"580";"15.20000000";"145.75000000";"1"
"Norway";"NO";"NOR";"578";"62.00000000";"10.00000000";"1"
"Oman";"OM";"OMN";"512";"21.00000000";"57.00000000";"1"
"Pakistan";"PK";"PAK";"586";"30.00000000";"70.00000000";"1"
"Palau";"PW";"PLW";"585";"7.50000000";"134.50000000";"1"
"Palestinian Territory, Occupied";"PS";"PSE";"275";"32.00000000";"35.25000000";"1"
"Panama";"PA";"PAN";"591";"9.00000000";"-80.00000000";"1"
"Papua New Guinea";"PG";"PNG";"598";"-6.00000000";"147.00000000";"1"
"Paraguay";"PY";"PRY";"600";"-23.00000000";"-58.00000000";"1"
"Peru";"PE";"PER";"604";"-10.00000000";"-76.00000000";"1"
"Philippines";"PH";"PHL";"608";"13.00000000";"122.00000000";"1"
"Pitcairn";"PN";"PCN";"612";"-24.70000000";"-127.40000000";"1"
"Poland";"PL";"POL";"616";"52.00000000";"20.00000000";"1"
"Portugal";"PT";"PRT";"620";"39.50000000";"-8.00000000";"1"
"Puerto Rico";"PR";"PRI";"630";"18.25000000";"-66.50000000";"1"
"Qatar";"QA";"QAT";"634";"25.50000000";"51.25000000";"1"
"Réunion";"RE";"REU";"638";"-21.10000000";"55.60000000";"1"
"Romania";"RO";"ROU";"642";"46.00000000";"25.00000000";"1"
"Russian Federation";"RU";"RUS";"643";"60.00000000";"100.00000000";"1"
"Rwanda";"RW";"RWA";"646";"-2.00000000";"30.00000000";"1"
"Saint Helena, Ascension and Tristan da Cunha";"SH";"SHN";"654";"-15.93330000";"-5.70000000";"1"
"Saint Kitts and Nevis";"KN";"KNA";"659";"17.33330000";"-62.75000000";"1"
"Saint Lucia";"LC";"LCA";"662";"13.88330000";"-61.13330000";"1"
"Saint Pierre and Miquelon";"PM";"SPM";"666";"46.83330000";"-56.33330000";"1"
"Saint Vincent and the Grenadines";"VC";"VCT";"670";"13.25000000";"-61.20000000";"1"
"Samoa";"WS";"WSM";"882";"-13.58330000";"-172.33330000";"1"
"San Marino";"SM";"SMR";"674";"43.76670000";"12.41670000";"1"
"Sao Tome and Principe";"ST";"STP";"678";"1.00000000";"7.00000000";"1"
"Saudi Arabia";"SA";"SAU";"682";"25.00000000";"45.00000000";"1"
"Senegal";"SN";"SEN";"686";"14.00000000";"-14.00000000";"1"
"Serbia";"RS";"SRB";"688";"44.00000000";"21.00000000";"1"
"Seychelles";"SC";"SYC";"690";"-4.58330000";"55.66670000";"1"
"Sierra Leone";"SL";"SLE";"694";"8.50000000";"-11.50000000";"1"
"Singapore";"SG";"SGP";"702";"1.36670000";"103.80000000";"1"
"Slovakia";"SK";"SVK";"703";"48.66670000";"19.50000000";"1"
"Slovenia";"SI";"SVN";"705";"46.00000000";"15.00000000";"1"
"Solomon Islands";"SB";"SLB";"90";"-8.00000000";"159.00000000";"1"
"Somalia";"SO";"SOM";"706";"10.00000000";"49.00000000";"1"
"South Africa";"ZA";"ZAF";"710";"-29.00000000";"24.00000000";"1"
"South Georgia and the South Sandwich Islands";"GS";"SGS";"239";"-54.50000000";"-37.00000000";"1"
"South Sudan";"SS";"SSD";"728";"8.00000000";"30.00000000";"1"
"Spain";"ES";"ESP";"724";"40.00000000";"-4.00000000";"1"
"Sri Lanka";"LK";"LKA";"144";"7.00000000";"81.00000000";"1"
"Sudan";"SD";"SDN";"736";"15.00000000";"30.00000000";"1"
"Suriname";"SR";"SUR";"740";"4.00000000";"-56.00000000";"1"
"Svalbard and Jan Mayen";"SJ";"SJM";"744";"78.00000000";"20.00000000";"1"
"Swaziland";"SZ";"SWZ";"748";"-26.50000000";"31.50000000";"1"
"Sweden";"SE";"SWE";"752";"62.00000000";"15.00000000";"1"
"Switzerland";"CH";"CHE";"756";"47.00000000";"8.00000000";"1"
"Syrian Arab Republic";"SY";"SYR";"760";"35.00000000";"38.00000000";"1"
"Taiwan, Province of China";"TW";"TWN";"158";"23.50000000";"121.00000000";"1"
"Tajikistan";"TJ";"TJK";"762";"39.00000000";"71.00000000";"1"
"Tanzania, United Republic of";"TZ";"TZA";"834";"-6.00000000";"35.00000000";"1"
"Thailand";"TH";"THA";"764";"15.00000000";"100.00000000";"1"
"Timor-Leste";"TL";"TLS";"626";"-8.55000000";"125.51670000";"1"
"Togo";"TG";"TGO";"768";"8.00000000";"1.16670000";"1"
"Tokelau";"TK";"TKL";"772";"-9.00000000";"-172.00000000";"1"
"Tonga";"TO";"TON";"776";"-20.00000000";"-175.00000000";"1"
"Trinidad and Tobago";"TT";"TTO";"780";"11.00000000";"-61.00000000";"1"
"Tunisia";"TN";"TUN";"788";"34.00000000";"9.00000000";"1"
"Turkey";"TR";"TUR";"792";"39.00000000";"35.00000000";"1"
"Turkmenistan";"TM";"TKM";"795";"40.00000000";"60.00000000";"1"
"Turks and Caicos Islands";"TC";"TCA";"796";"21.75000000";"-71.58330000";"1"
"Tuvalu";"TV";"TUV";"798";"-8.00000000";"178.00000000";"1"
"Uganda";"UG";"UGA";"800";"1.00000000";"32.00000000";"1"
"Ukraine";"UA";"UKR";"804";"49.00000000";"32.00000000";"1"
"United Arab Emirates";"AE";"ARE";"784";"24.00000000";"54.00000000";"1"
"United Kingdom";"GB";"GBR";"826";"54.00000000";"-2.00000000";"1"
"United States";"US";"USA";"840";"38.00000000";"-97.00000000";"1"
"United States Minor Outlying Islands";"UM";"UMI";"581";"19.28330000";"166.60000000";"1"
"Uruguay";"UY";"URY";"858";"-33.00000000";"-56.00000000";"1"
"Uzbekistan";"UZ";"UZB";"860";"41.00000000";"64.00000000";"1"
"Vanuatu";"VU";"VUT";"548";"-16.00000000";"167.00000000";"1"
"Venezuela, Bolivarian Republic of";"VE";"VEN";"862";"8.00000000";"-66.00000000";"1"
"Viet Nam";"VN";"VNM";"704";"16.00000000";"106.00000000";"1"
"Virgin Islands, British";"VG";"VGB";"92";"18.50000000";"-64.50000000";"1"
"Virgin Islands, U.S.";"VI";"VIR";"850";"18.33330000";"-64.83330000";"1"
"Wallis and Futuna";"WF";"WLF";"876";"-13.30000000";"-176.20000000";"1"
"Western Sahara";"EH";"ESH";"732";"24.50000000";"-13.00000000";"1"
"Yemen";"YE";"YEM";"887";"15.00000000";"48.00000000";"1"
"Zambia";"ZM";"ZMB";"894";"-15.00000000";"30.00000000";"1"
"Zimbabwe";"ZW";"ZWE";"716";"-20.00000000";"30.00000000";"1"